timestamp,people,gaits,env,sound
1757679146.3890102,0,None,day|haze,68
1757679146.5305805,0,None,day|haze,64
1757679146.6662958,0,None,day|haze,57
1757679146.802006,0,None,day|haze,103
1757679146.9391482,1,No Gait,day|haze,42
1757679147.0696754,2,No Gait|No Gait,day|haze,97
1757679147.2175791,2,No Gait|No Gait,day|haze,76
1757679147.3512244,2,No Gait|No Gait,day|haze,52
1757679147.4756248,2,No Gait|No Gait,day|haze,52
1757679147.5989988,2,No Gait|No Gait,day|haze,78
1757679147.7282321,2,No Gait|No Gait,day|haze,65
1757679147.852753,2,No Gait|No Gait,day|haze,53
1757679147.9658966,2,No Gait|No Gait,day|haze,101
1757679148.097149,2,No Gait|No Gait,day|haze,103
1757679148.2292693,2,No Gait|No Gait,day|haze,76
1757679148.351803,2,No Gait|No Gait,day|haze,63
1757679148.4798317,2,No Gait|No Gait,day|haze,41
1757679148.6298692,2,No Gait|No Gait,day|haze,85
1757679148.7449744,2,No Gait|No Gait,day|haze,46
1757679148.8620393,2,No Gait|No Gait,day|haze,93
1757679149.0034401,1,No Gait,day|haze,99
1757679149.1013222,0,None,day|haze,79
1757679149.2405074,1,No Gait,day|haze,47
1757679149.3729484,1,No Gait,day|haze,88
1757679149.517789,2,No Gait|No Gait,day|haze,88
1757679149.648084,2,No Gait|No Gait,day|haze,56
1757679149.805841,2,No Gait|No Gait,day|haze,60
1757679149.9231017,0,None,day|haze,63
1757679150.0323412,0,None,day|haze,104
1757679150.1541173,1,No Gait,day|haze,50
1757679150.2612233,1,No Gait,day|haze,69
1757679150.368593,0,None,day|haze,73
1757679150.4646497,1,No Gait,day|haze,52
1757679150.5751398,0,None,day|haze,53
1757679150.6848104,0,None,day|haze,106
1757679150.8160021,0,None,day|haze,64
1757679150.9370735,0,None,day|haze,40
1757679151.0548704,0,None,day|haze,96
1757679151.1488156,0,None,day|haze,98
1757679151.247914,0,None,day|haze,81
1757679151.3329396,0,None,day|haze,82
1757679151.4588697,0,None,day|haze,101
1757679151.5491507,0,None,day|haze,70
1757679151.6330674,0,None,day|haze,96
1757679151.7350988,0,None,day|haze,88
1757679151.8574052,0,None,day|haze,49
1757679151.9489465,0,None,day|haze,49
1757679152.053966,0,None,day|haze,86
1757679152.14062,0,None,day|haze,46
1757679152.2427623,0,None,day|haze,101
1757679152.3285253,0,None,day|haze,106
1757679152.4342837,1,No Gait,day|haze,60
1757679152.54166,1,No Gait,day|haze,100
1757679152.6385448,1,No Gait,day|haze,76
1757679152.734517,1,No Gait,day|haze,44
1757679152.8348775,1,No Gait,day|haze,70
1757679152.9430907,1,No Gait,day|haze,40
1757679153.036594,1,No Gait,day|haze,100
1757679153.137398,1,No Gait,day|haze,89
1757679153.2693596,1,No Gait,day|haze,92
1757679153.3591413,1,No Gait,day|haze,78
1757679153.4570527,1,No Gait,day|haze,69
1757679153.5494907,1,No Gait,day|haze,56
1757679153.6474233,1,No Gait,day|haze,60
1757679153.7561402,1,No Gait,day|haze,75
1757679153.841343,1,No Gait,day|haze,40
1757679153.9482787,1,No Gait,day|haze,49
1757679154.063215,1,No Gait,day|haze,48
1757679154.1589167,1,No Gait,day|haze,40
1757679154.2699509,0,None,day|haze,96
1757679154.3842478,0,None,day|haze,43
1757679154.477829,0,None,day|haze,71
1757679154.5765734,0,None,day|haze,99
1757679154.669525,0,None,day|haze,65
1757679154.7809157,0,None,day|haze,84
1757679154.8610709,0,None,day|haze,54
1757679154.9594233,0,None,day|haze,72
1757679155.0573041,0,None,day|haze,54
1757679155.143133,0,None,day|haze,86
1757679155.2345953,0,None,day|haze,86
1757679155.292544,0,None,day|haze,46
1757679155.3729842,0,None,day|haze,94
1757679155.4399881,0,None,day|haze,40
1757679155.5162137,0,None,day|haze,104
1757679155.582282,0,None,day|haze,74
1757679155.649073,0,None,day|haze,88
1757679155.728777,0,None,day|haze,85
1757679155.7900772,0,None,day|haze,50
1757679155.8713524,0,None,day|haze,72
1757679155.9384594,0,None,day|haze,89
1757679156.0145745,0,None,day|haze,96
1757679156.0812774,0,None,day|haze,93
1757679156.1592379,0,None,day|haze,83
1757679156.2219274,0,None,day|haze,61
1757679156.3011374,0,None,day|haze,59
1757679156.3755343,0,None,day|haze,79
1757679156.4435132,0,None,day|haze,66
1757679156.5314147,0,None,day|haze,58
1757679156.6197376,0,None,day|haze,87
1757679156.6862843,0,None,day|haze,74
1757679156.7673259,0,None,day|haze,51
1757679156.8523781,0,None,day|haze,52
1757679156.9342923,0,None,day|haze,97
1757679157.0093842,0,None,day|haze,47
1757679157.070578,0,None,day|haze,109
1757679157.149006,0,None,day|haze,69
1757679157.2398732,0,None,day|haze,68
1757679157.3259044,0,None,day|haze,88
1757679157.4403718,0,None,day|haze,78
1757679157.5603464,1,No Gait,day|haze,96
1757679157.6974545,0,None,day|haze,71
1757679157.8105948,0,None,day|haze,107
1757679157.9371333,0,None,day|haze,97
1757679158.02696,0,None,day|haze,54
1757679158.12673,0,None,day|haze,93
1757679158.2087243,0,None,day|haze,89
1757679158.3016782,0,None,day|haze,108
1757679158.416006,0,None,day|haze,49
1757679158.524909,0,None,day|haze,61
1757679158.6324637,0,None,day|haze,67
1757679158.7399752,0,None,day|haze,95
1757679158.8487191,0,None,day|haze,109
1757679158.9607944,1,No Gait,day|haze,105
1757679159.06067,1,No Gait,day|haze,69
1757679159.1646001,1,No Gait,day|haze,83
1757679159.308417,1,No Gait,day|haze,55
1757679159.4030015,1,No Gait,day|haze,106
1757679159.5026057,1,No Gait,day|haze,40
1757679159.5978625,1,No Gait,day|haze,66
1757679159.691903,1,No Gait,day|haze,73
1757679159.790922,1,No Gait,day|haze,40
1757679159.903211,1,No Gait,day|haze,44
1757679160.0217595,1,No Gait,day|haze,72
1757679160.1418142,1,No Gait,day|haze,74
1757679160.2364523,1,No Gait,day|haze,89
1757679160.348265,1,No Gait,day|haze,48
1757679160.4539666,1,No Gait,day|haze,93
1757679160.5558274,1,No Gait,day|haze,45
1757679160.654572,1,No Gait,day|haze,83
1757679160.750524,1,No Gait,day|haze,68
1757679160.8449516,1,No Gait,day|haze,96
1757679160.9739242,1,No Gait,day|haze,94
1757679161.0882688,1,No Gait,day|haze,77
1757679161.2042654,1,No Gait,day|haze,103
1757679161.31113,1,No Gait,day|haze,95
1757679161.4039335,1,No Gait,day|haze,104
1757679161.5171356,1,No Gait,day|haze,44
1757679161.6167998,1,No Gait,day|haze,46
1757679161.7105029,1,No Gait,day|haze,93
1757679161.8160903,1,No Gait,day|haze,58
1757679161.9163988,1,No Gait,day|haze,91
1757679162.0151556,1,No Gait,day|haze,83
1757679162.109675,1,No Gait,day|haze,92
1757679162.2425783,1,No Gait,day|haze,104
1757679162.3605843,2,No Gait|No Gait,day|haze,78
1757679162.4912086,2,No Gait|No Gait,day|haze,56
1757679162.609246,0,None,day|haze,87
1757679162.7338963,0,None,day|haze,68
1757679162.8650057,0,None,day|haze,104
1757679163.0049098,1,No Gait,day|haze,89
1757679163.124301,2,No Gait|No Gait,day|haze,88
1757679163.247814,2,No Gait|No Gait,day|haze,44
1757679163.3854232,2,No Gait|No Gait,day|haze,91
1757679163.5007687,0,None,day|haze,63
1757679163.6075623,0,None,day|haze,43
1757679163.6969812,0,None,day|haze,110
1757679163.8276896,1,No Gait,day|haze,84
1757679163.933868,1,No Gait,day|haze,79
1757679164.0161831,1,No Gait,day|haze,99
1757679164.1254632,1,No Gait,day|haze,77
1757679164.2213466,1,No Gait,day|haze,40
1757679164.3628807,0,None,day|haze,45
1757679164.4487581,0,None,day|haze,86
1757679164.540376,0,None,day|haze,105
1757679164.6626236,1,No Gait,day|haze,50
1757679164.7692032,1,No Gait,day|haze,45
1757679164.8597999,1,No Gait,day|haze,109
1757679164.9806976,1,No Gait,day|haze,41
1757679165.07825,1,No Gait,day|haze,86
1757679165.1850057,1,No Gait,day|haze,108
1757679165.2938838,1,No Gait,day|haze,90
1757679165.4216058,1,No Gait,day|haze,106
1757679165.533871,1,No Gait,day|haze,75
1757679165.6495519,1,No Gait,day|haze,42
1757679165.7468636,1,No Gait,day|haze,106
1757679165.8500586,1,No Gait,day|haze,78
1757679165.9606109,1,No Gait,day|haze,105
1757679166.0543132,1,No Gait,day|haze,63
1757679166.1590717,1,No Gait,day|haze,104
1757679166.2542763,1,No Gait,day|haze,80
1757679166.3530145,1,No Gait,day|haze,85
1757679166.4621983,0,None,day|haze,103
1757679166.5819826,0,None,day|haze,75
1757679166.6850739,0,None,day|haze,93
1757679166.7673173,0,None,day|haze,40
1757679166.8542745,0,None,day|haze,74
1757679166.9438865,0,None,day|haze,65
1757679167.02261,0,None,day|haze,106
1757679167.118178,0,None,day|haze,77
1757679167.2145953,0,None,day|haze,58
1757679167.3099122,0,None,day|haze,40
1757679167.4246094,1,No Gait,day|haze,82
1757679167.517278,1,No Gait,day|haze,52
1757679167.6253228,1,No Gait,day|haze,76
1757679167.7296512,1,No Gait,day|haze,79
1757679167.8326485,1,No Gait,day|haze,61
1757679167.9339004,1,No Gait,day|haze,84
1757679168.0342932,1,No Gait,day|haze,41
1757679168.126328,1,No Gait,day|haze,77
1757679168.2202322,1,No Gait,day|haze,84
1757679168.3214326,1,No Gait,day|haze,88
1757679168.425233,1,No Gait,day|haze,51
1757679168.5248144,1,No Gait,day|haze,90
1757679168.6439438,1,No Gait,day|haze,82
1757679168.7341864,1,No Gait,day|haze,63
1757679168.8282857,1,No Gait,day|haze,41
1757679168.924777,1,No Gait,day|haze,83
1757679169.0522137,1,No Gait,day|haze,68
1757679169.1505332,1,No Gait,day|haze,106
1757679169.2861516,1,No Gait,day|haze,82
1757679169.3580124,0,None,day|haze,55
1757679169.4553983,1,No Gait,day|haze,98
1757679169.556245,0,None,day|haze,95
1757679169.6482778,0,None,day|haze,78
1757679169.7259994,0,None,day|haze,42
1757679169.809062,0,None,day|haze,84
1757679169.889296,0,None,day|haze,86
1757679169.9650898,0,None,day|haze,90
1757679170.0610135,0,None,day|haze,43
1757679170.144128,0,None,day|haze,40
1757679170.236751,0,None,day|haze,52
1757679170.3482695,0,None,day|haze,52
1757679170.47927,0,None,day|haze,71
1757679170.572349,0,None,day|haze,88
1757679170.6928377,1,No Gait,day|haze,46
1757679170.764453,0,None,day|haze,45
1757679170.8446367,0,None,day|haze,92
1757679170.9409354,1,No Gait,day|haze,77
1757679171.0402205,1,No Gait,day|haze,90
1757679171.156964,1,No Gait,day|haze,91
1757679171.2570515,1,No Gait,day|haze,47
1757679171.3606064,1,No Gait,day|haze,94
1757679171.45952,1,No Gait,day|haze,103
1757679171.557409,1,No Gait,day|haze,67
1757679171.6575396,1,No Gait,day|haze,49
1757679171.763106,1,No Gait,day|haze,62
1757679171.875079,1,No Gait,day|haze,41
1757679171.985318,1,No Gait,day|haze,72
1757679172.0928693,1,No Gait,day|haze,63
1757679172.1921403,1,No Gait,day|haze,99
1757679172.2884777,1,No Gait,day|haze,73
1757679172.4002619,1,No Gait,day|haze,48
1757679172.4950511,1,No Gait,day|haze,90
1757679172.588681,1,No Gait,day|haze,66
1757679172.7271347,1,No Gait,day|haze,101
1757679172.82975,1,No Gait,day|haze,85
1757679172.9351451,1,No Gait,day|haze,84
1757679173.0287423,0,None,day|haze,46
1757679173.1182408,0,None,day|haze,100
1757679173.2240942,0,None,day|haze,46
1757679173.3115711,0,None,day|haze,63
1757679173.4078727,0,None,day|haze,70
1757679173.5052183,0,None,day|haze,95
1757679173.5866358,0,None,day|haze,91
1757679173.686649,0,None,day|haze,89
1757679173.7920098,0,None,day|haze,76
1757679173.8858488,0,None,day|haze,60
1757679174.0016134,1,No Gait,day|haze,65
1757679174.1192243,1,No Gait,day|haze,62
1757679174.2238197,0,None,day|haze,87
1757679174.3508694,0,None,day|haze,101
1757679174.4420621,0,None,day|haze,91
1757679174.5269115,0,None,day|haze,53
1757679174.6200497,0,None,day|haze,57
1757679174.71965,0,None,day|haze,55
1757679174.8470702,0,None,day|haze,85
1757679174.9734395,1,No Gait,day|haze,110
1757679175.0738788,1,No Gait,day|haze,103
1757679175.1661935,1,No Gait,day|haze,83
1757679175.2945688,1,No Gait,day|haze,83
1757679175.398594,1,No Gait,day|haze,58
1757679175.4860468,1,No Gait,day|haze,51
1757679175.5874329,1,No Gait,day|haze,49
1757679175.7265298,2,No Gait|No Gait,day|haze,103
1757679175.8455453,1,No Gait,day|haze,53
1757679175.9397013,1,No Gait,day|haze,80
1757679176.0672452,0,None,day|haze,91
1757679176.1741703,0,None,day|haze,90
1757679176.2735753,0,None,day|haze,90
1757679176.3636553,0,None,day|haze,64
1757679176.4643037,0,None,day|haze,43
1757679176.564208,0,None,day|haze,67
1757679176.6582294,0,None,day|haze,69
1757679176.7503862,0,None,day|haze,57
1757679176.8624012,0,None,day|haze,80
1757679176.9525492,0,None,day|haze,102
1757679177.0426643,0,None,day|haze,89
1757679177.1322975,0,None,day|haze,49
1757679177.2470045,0,None,day|haze,106
1757679177.339005,0,None,day|haze,56
1757679177.4429076,0,None,day|haze,93
1757679177.5649693,1,No Gait,day|haze,90
1757679177.6599762,1,No Gait,day|haze,64
1757679177.7578754,1,No Gait,day|haze,51
1757679177.8631067,1,No Gait,day|haze,46
1757679177.9634037,1,No Gait,day|haze,52
1757679178.0443473,1,No Gait,day|haze,50
1757679178.163763,1,No Gait,day|haze,47
1757679178.2589564,1,No Gait,day|haze,71
1757679178.3628478,1,No Gait,day|haze,70
1757679178.465966,1,No Gait,day|haze,103
1757679178.5769043,1,No Gait,day|haze,97
1757679178.688491,1,No Gait,day|haze,70
1757679178.795924,1,No Gait,day|haze,108
1757679178.890877,1,No Gait,day|haze,47
1757679178.9743273,1,No Gait,day|haze,49
1757679179.0889554,1,No Gait,day|haze,82
1757679179.195306,1,No Gait,day|haze,51
1757679179.2920454,1,No Gait,day|haze,72
1757679179.4112236,1,No Gait,day|haze,66
1757679179.507062,1,No Gait,day|haze,97
1757679179.6059678,1,No Gait,day|haze,76
1757679179.6947482,1,No Gait,day|haze,70
1757679179.7944965,1,No Gait,day|haze,77
1757679179.8842967,1,No Gait,day|haze,70
1757679179.9979186,1,No Gait,day|haze,79
1757679180.0938864,1,No Gait,day|haze,103
1757679180.191589,0,None,day|haze,77
1757679180.288171,0,None,day|haze,105
1757679180.3803034,0,None,day|haze,78
1757679180.4895234,0,None,day|haze,97
1757679180.5809073,0,None,day|haze,45
1757679180.6807048,0,None,day|haze,93
1757679180.7662709,0,None,day|haze,60
1757679180.8659954,0,None,day|haze,106
1757679180.9602532,0,None,day|haze,40
1757679181.0568755,0,None,day|haze,79
1757679181.1508675,0,None,day|haze,89
1757679181.2343261,0,None,day|haze,93
1757679181.3286517,0,None,day|haze,75
1757679181.453202,1,No Gait,day|haze,73
1757679181.5559924,1,No Gait,day|haze,92
1757679181.644487,1,No Gait,day|haze,106
1757679181.7565122,1,No Gait,day|haze,108
1757679181.8524117,1,No Gait,day|haze,42
1757679181.9749599,1,No Gait,day|haze,88
1757679182.0681062,1,No Gait,day|haze,55
1757679182.1744554,1,No Gait,day|haze,83
1757679182.2729466,1,No Gait,day|haze,54
1757679182.3683157,1,No Gait,day|haze,47
1757679182.483556,1,No Gait,day|haze,97
1757679182.5738642,1,No Gait,day|haze,104
1757679182.6864352,1,No Gait,day|haze,87
1757679182.7798579,1,No Gait,day|haze,45
1757679182.879414,0,None,day|haze,43
1757679182.9896786,0,None,day|haze,81
1757679183.1072233,1,No Gait,day|haze,51
1757679183.1979172,1,No Gait,day|haze,104
1757679183.3078704,1,No Gait,day|haze,99
1757679183.4058797,1,No Gait,day|haze,99
1757679183.51689,1,No Gait,day|haze,50
1757679183.6140049,1,No Gait,day|haze,108
1757679183.7156434,1,No Gait,day|haze,73
1757679183.810698,1,No Gait,day|haze,43
1757679183.8999171,1,No Gait,day|haze,54
1757679184.0260632,1,No Gait,day|haze,47
1757679184.1108818,0,None,day|haze,94
1757679184.223619,0,None,day|haze,41
1757679184.3190973,0,None,day|haze,94
1757679184.4178364,1,No Gait,day|haze,53
1757679184.5274158,1,No Gait,day|haze,49
1757679184.6208832,1,No Gait,day|haze,79
1757679184.716134,1,No Gait,day|haze,58
1757679184.811768,1,No Gait,day|haze,63
1757679184.9131622,1,No Gait,day|haze,76
1757679185.008416,0,None,day|haze,87
1757679185.1347044,0,None,day|haze,64
1757679185.2683501,1,No Gait,day|haze,90
1757679185.3634472,1,No Gait,day|haze,79
1757679185.4689584,1,No Gait,day|haze,102
1757679185.580726,1,No Gait,day|haze,91
1757679185.692641,1,No Gait,day|haze,85
1757679185.7908335,1,No Gait,day|haze,60
1757679185.8851295,0,None,day|haze,106
1757679185.99885,0,None,day|haze,88
1757679186.098708,0,None,day|haze,109
1757679186.2101154,0,None,day|haze,51
1757679186.3163414,1,No Gait,day|haze,59
1757679186.4145072,1,No Gait,day|haze,46
1757679186.5165567,1,No Gait,day|haze,66
1757679186.6205535,1,No Gait,day|haze,94
1757679186.7213392,1,No Gait,day|haze,72
1757679186.8319561,0,None,day|haze,86
1757679186.940144,0,None,day|haze,58
1757679187.03833,0,None,day|haze,83
1757679187.1510472,0,None,day|haze,96
1757679187.2463474,0,None,day|haze,89
1757679187.4016073,1,No Gait,day|haze,78
1757679187.5020423,1,No Gait,day|haze,56
1757679187.637217,1,No Gait,day|haze,83
1757679187.7422054,1,No Gait,day|haze,62
1757679187.8468945,1,No Gait,day|haze,74
1757679187.9500105,0,None,day|haze,68
1757679188.0435896,0,None,day|haze,43
1757679188.13392,0,None,day|haze,56
1757679188.222845,0,None,day|haze,77
1757679188.336695,1,No Gait,day|haze,107
1757679188.429278,1,No Gait,day|haze,65
1757679188.5335028,1,No Gait,day|haze,60
1757679188.6297288,1,No Gait,day|haze,51
1757679188.7271707,1,No Gait,day|haze,50
1757679188.8319683,1,No Gait,day|haze,73
1757679188.9348118,1,No Gait,day|haze,110
1757679189.0263193,1,No Gait,day|haze,106
1757679189.124886,1,No Gait,day|haze,89
1757679189.2497838,1,No Gait,day|haze,43
1757679189.356603,0,None,day|haze,47
1757679189.4425094,0,None,day|haze,77
1757679189.5659473,1,No Gait,day|haze,91
1757679189.6783082,1,No Gait,day|haze,105
1757679189.7715714,1,No Gait,day|haze,101
1757679189.8728557,1,No Gait,day|haze,89
1757679189.9810529,1,No Gait,day|haze,64
1757679190.0722039,1,No Gait,day|haze,54
1757679190.187892,1,No Gait,day|haze,58
1757679190.27898,1,No Gait,day|haze,80
1757679190.367408,1,No Gait,day|haze,48
1757679190.4900303,1,No Gait,day|haze,48
1757679190.5899374,1,No Gait,day|haze,99
1757679190.689469,1,No Gait,day|haze,55
1757679190.790698,1,No Gait,day|haze,86
1757679190.893984,1,No Gait,day|haze,72
1757679191.0077045,1,No Gait,day|haze,72
1757679191.1017938,1,No Gait,day|haze,74
1757679191.2113795,1,No Gait,day|haze,56
1757679191.3153963,1,No Gait,day|haze,88
1757679191.424672,1,No Gait,day|haze,56
1757679191.5196602,1,No Gait,day|haze,83
1757679191.6138942,1,No Gait,day|haze,84
1757679191.7149818,1,No Gait,day|haze,88
1757679191.8135102,1,No Gait,day|haze,88
1757679191.9182224,1,No Gait,day|haze,54
1757679192.022721,1,No Gait,day|haze,92
1757679192.1136765,1,No Gait,day|haze,40
1757679192.2069407,1,No Gait,day|haze,99
1757679192.3039384,1,No Gait,day|haze,64
1757679192.4141686,1,No Gait,day|haze,108
1757679192.5250025,1,No Gait,day|haze,57
1757679192.6263008,0,None,day|haze,74
1757679192.731775,0,None,day|haze,42
1757679192.8139524,0,None,day|haze,46
1757679192.9118788,0,None,day|haze,75
1757679193.0261278,0,None,day|haze,59
1757679193.1253486,0,None,day|haze,92
1757679193.2127092,0,None,day|haze,81
1757679193.3100896,0,None,day|haze,67
1757679193.4060566,0,None,day|haze,81
1757679193.5195923,1,No Gait,day|haze,46
1757679193.6217062,1,No Gait,day|haze,80
1757679193.7354739,1,No Gait,day|haze,58
1757679193.8247979,1,No Gait,day|haze,50
1757679193.9368658,1,No Gait,day|haze,52
1757679194.0463314,1,No Gait,day|haze,79
1757679194.146418,1,No Gait,day|haze,60
1757679194.2425811,1,No Gait,day|haze,40
1757679194.349771,1,No Gait,day|haze,80
1757679194.4791353,1,No Gait,day|haze,106
1757679194.5720656,1,No Gait,day|haze,72
1757679194.6999357,1,No Gait,day|haze,51
1757679194.7962768,1,No Gait,day|haze,75
1757679194.9050398,1,No Gait,day|haze,78
1757679195.0069783,1,No Gait,day|haze,58
1757679195.1089873,1,No Gait,day|haze,76
1757679195.2139194,1,No Gait,day|haze,92
1757679195.3273335,1,No Gait,day|haze,87
1757679195.435876,1,No Gait,day|haze,80
1757679195.532021,1,No Gait,day|haze,77
1757679195.6312838,1,No Gait,day|haze,49
1757679195.7404556,1,No Gait,day|haze,61
1757679195.8387341,1,No Gait,day|haze,49
1757679195.9507394,1,No Gait,day|haze,49
1757679196.0463686,1,No Gait,day|haze,87
1757679196.1550756,1,No Gait,day|haze,46
1757679196.2538211,1,No Gait,day|haze,80
1757679196.3652184,1,No Gait,day|haze,107
1757679196.4668648,1,No Gait,day|haze,100
1757679196.5737262,1,No Gait,day|haze,78
1757679196.6691391,1,No Gait,day|haze,54
1757679196.7649448,1,No Gait,day|haze,45
1757679196.8441713,1,No Gait,day|haze,81
1757679196.988661,1,No Gait,day|haze,51
1757679197.0967004,1,No Gait,day|haze,95
1757679197.2306955,1,No Gait,day|haze,51
1757679197.338978,1,No Gait,day|haze,48
1757679197.4398708,1,No Gait,day|haze,106
1757679197.5386367,1,No Gait,day|haze,87
1757679197.6352978,1,No Gait,day|haze,57
1757679197.7440765,1,No Gait,day|haze,87
1757679197.8710709,1,No Gait,day|haze,45
1757679197.9837272,1,No Gait,day|haze,59
1757679198.087565,1,No Gait,day|haze,52
1757679198.1886022,1,No Gait,day|haze,102
1757679198.2958548,1,No Gait,day|haze,59
1757679198.4143403,1,No Gait,day|haze,50
1757679198.5242028,1,No Gait,day|haze,110
1757679198.6220453,1,No Gait,day|haze,64
1757679198.7372737,1,No Gait,day|haze,99
1757679198.8530478,1,No Gait,day|haze,91
1757679198.9571748,1,No Gait,day|haze,45
1757679199.0549078,1,No Gait,day|haze,54
1757679199.1544228,1,No Gait,day|haze,49
1757679199.245826,1,No Gait,day|haze,92
1757679199.345366,1,No Gait,day|haze,104
1757679199.4389718,1,No Gait,day|haze,109
1757679199.54745,1,No Gait,day|haze,87
1757679199.6457117,1,No Gait,day|haze,92
1757679199.742421,1,No Gait,day|haze,80
1757679199.8443196,1,No Gait,day|haze,58
1757679199.9471154,1,No Gait,day|haze,63
1757679200.0434775,1,No Gait,day|haze,46
1757679200.1402617,1,No Gait,day|haze,64
1757679200.2401967,1,No Gait,day|haze,45
1757679200.3326306,1,No Gait,day|haze,87
1757679200.4441931,1,No Gait,day|haze,80
1757679200.5265641,1,No Gait,day|haze,40
1757679200.6387515,1,No Gait,day|haze,107
1757679200.7446442,1,No Gait,day|haze,95
1757679200.8335268,1,No Gait,day|haze,101
1757679200.9257576,1,No Gait,day|haze,60
1757679201.0405,1,No Gait,day|haze,44
1757679201.1337154,1,No Gait,day|haze,53
1757679201.2483299,1,No Gait,day|haze,94
1757679201.342537,1,No Gait,day|haze,91
1757679201.4380722,1,No Gait,day|haze,100
1757679201.5326686,1,No Gait,day|haze,40
1757679201.6278024,1,No Gait,day|haze,73
1757679201.7209816,1,No Gait,day|haze,91
1757679201.8304067,1,No Gait,day|haze,66
1757679201.9307916,1,No Gait,day|haze,64
1757679202.0139503,1,No Gait,day|haze,62
1757679202.1282756,1,No Gait,day|haze,40
1757679202.2301047,1,No Gait,day|haze,97
1757679202.336834,1,No Gait,day|haze,109
1757679202.4384425,1,No Gait,day|haze,88
1757679202.532934,1,No Gait,day|haze,110
1757679202.6264045,1,No Gait,day|haze,40
1757679202.734506,1,No Gait,day|haze,83
1757679202.8314366,1,No Gait,day|haze,49
1757679202.929852,1,No Gait,day|haze,93
1757679203.0342615,1,No Gait,day|haze,42
1757679203.1341865,1,No Gait,day|haze,96
1757679203.2329192,1,No Gait,day|haze,102
1757679203.3277645,1,No Gait,day|haze,109
1757679203.4566221,1,No Gait,day|haze,57
1757679203.549411,1,No Gait,day|haze,66
1757679203.6601114,1,No Gait,day|haze,73
1757679203.7661107,1,No Gait,day|haze,70
1757679203.8645399,1,No Gait,day|haze,40
1757679203.9699938,1,No Gait,day|haze,106
1757679204.0617404,1,No Gait,day|haze,83
1757679204.1577482,1,No Gait,day|haze,76
1757679204.2699058,1,No Gait,day|haze,60
1757679204.371411,1,No Gait,day|haze,77
1757679204.623664,1,No Gait,day|haze,80
1757679204.7347987,1,No Gait,day|haze,59
1757679204.83531,1,No Gait,day|haze,109
1757679204.945245,1,No Gait,day|haze,89
1757679205.061349,1,No Gait,day|haze,47
1757679205.1514552,1,No Gait,day|haze,93
1757679205.2533033,1,No Gait,day|haze,86
1757679205.3594332,1,No Gait,day|haze,57
1757679205.4557068,1,No Gait,day|haze,73
1757679205.5526175,1,No Gait,day|haze,67
1757679205.660406,1,No Gait,day|haze,44
1757679205.7590206,1,No Gait,day|haze,103
1757679205.8538435,1,No Gait,day|haze,82
1757679205.95581,1,No Gait,day|haze,94
1757679206.0787067,1,No Gait,day|haze,71
1757679206.1737514,0,None,day|haze,89
1757679206.2541885,0,None,day|haze,101
1757679206.3487816,0,None,day|haze,86
1757679206.460475,0,None,day|haze,42
1757679206.5654273,0,None,day|haze,92
1757679206.6823387,0,None,day|haze,81
1757679206.7984328,0,None,day|haze,84
1757679206.9120998,0,None,day|haze,40
1757679207.0149763,0,None,day|haze,56
1757679207.117484,1,No Gait,day|haze,57
1757679207.229899,1,No Gait,day|haze,88
1757679207.3485205,1,No Gait,day|haze,93
1757679207.4457645,1,No Gait,day|haze,87
1757679207.5367424,1,No Gait,day|haze,60
1757679207.64857,1,No Gait,day|haze,51
1757679207.7483234,1,No Gait,day|haze,89
1757679207.842149,1,No Gait,day|haze,67
1757679207.9342234,1,No Gait,day|haze,95
1757679208.037209,1,No Gait,day|haze,53
1757679208.140063,1,No Gait,day|haze,47
1757679208.2550275,1,No Gait,day|haze,92
1757679208.360488,1,No Gait,day|haze,70
1757679208.4580233,1,No Gait,day|haze,89
1757679208.5534108,1,No Gait,day|haze,96
1757679208.6561267,1,No Gait,day|haze,50
1757679208.7541895,1,No Gait,day|haze,47
1757679208.8722985,1,No Gait,day|haze,88
1757679208.9686408,1,No Gait,day|haze,85
1757679209.0691638,1,No Gait,day|haze,100
1757679209.1678417,1,No Gait,day|haze,90
1757679209.2750928,1,No Gait,day|haze,44
1757679209.358738,1,No Gait,day|haze,95
1757679209.470873,1,No Gait,day|haze,95
1757679209.5587602,1,No Gait,day|haze,106
1757679209.6602573,1,No Gait,day|haze,69
1757679209.7663674,1,No Gait,day|haze,89
1757679209.8680365,1,No Gait,day|haze,43
1757679209.9712787,1,No Gait,day|haze,48
1757679210.0778286,1,No Gait,day|haze,88
1757679210.1740878,1,No Gait,day|haze,102
1757679210.2731874,1,No Gait,day|haze,52
1757679210.3877454,1,No Gait,day|haze,86
1757679210.476113,1,No Gait,day|haze,48
1757679210.5882783,1,No Gait,day|haze,54
1757679210.6846478,1,No Gait,day|haze,59
1757679210.7852402,1,No Gait,day|haze,102
1757679210.8977242,1,No Gait,day|haze,46
1757679211.008586,1,No Gait,day|haze,78
1757679211.1033804,1,No Gait,day|haze,57
1757679211.2158487,1,No Gait,day|haze,110
1757679211.323995,1,No Gait,day|haze,71
1757679211.4097466,1,No Gait,day|haze,95
1757679211.5192587,1,No Gait,day|haze,84
1757679211.6189253,1,No Gait,day|haze,71
1757679211.7203476,1,No Gait,day|haze,109
1757679211.8120737,1,No Gait,day|haze,53
1757679211.9150636,1,No Gait,day|haze,81
1757679212.004835,0,None,day|haze,78
1757679212.1030853,0,None,day|haze,64
1757679212.2218153,0,None,day|haze,64
1757679212.3148482,0,None,day|haze,63
1757679212.4441988,1,No Gait,day|haze,93
1757679212.5641026,1,No Gait,day|haze,56
1757679212.668723,1,No Gait,day|haze,81
1757679212.765953,0,None,day|haze,105
1757679212.8590574,0,None,day|haze,78
1757679212.9421542,0,None,day|haze,108
1757679213.0464869,0,None,day|haze,103
1757679213.1638534,1,No Gait,day|haze,86
1757679213.2493405,1,No Gait,day|haze,84
1757679213.3426719,1,No Gait,day|haze,56
1757679213.4428952,1,No Gait,day|haze,57
1757679213.554479,1,No Gait,day|haze,64
1757679213.6546094,1,No Gait,day|haze,52
1757679213.7744293,0,None,day|haze,68
1757679213.869795,0,None,day|haze,101
1757679213.9803846,0,None,day|haze,77
1757679214.0788488,0,None,day|haze,64
1757679214.173135,0,None,day|haze,59
1757679214.2913015,1,No Gait,day|haze,107
1757679214.4017787,0,None,day|haze,108
1757679214.5085824,1,No Gait,day|haze,86
1757679214.6204073,1,No Gait,day|haze,59
1757679214.7275443,1,No Gait,day|haze,87
1757679214.8155727,1,No Gait,day|haze,44
1757679214.919886,0,None,day|haze,84
1757679215.018277,0,None,day|haze,95
1757679215.1343448,0,None,day|haze,83
1757679215.247227,1,No Gait,day|haze,82
1757679215.3557463,0,None,day|haze,105
1757679215.4632854,1,No Gait,day|haze,52
1757679215.5625834,1,No Gait,day|haze,102
1757679215.6599507,1,No Gait,day|haze,44
1757679215.754858,1,No Gait,day|haze,83
1757679215.8550506,1,No Gait,day|haze,65
1757679215.9584322,1,No Gait,day|haze,53
1757679216.0600839,0,None,day|haze,95
1757679216.1851592,1,No Gait,day|haze,92
1757679216.2902548,0,None,day|haze,108
1757679216.3816254,0,None,day|haze,64
1757679216.510497,0,None,day|haze,108
1757679216.6226645,0,None,day|haze,78
1757679216.7216773,0,None,day|haze,55
1757679216.8328896,0,None,day|haze,50
1757679216.9418821,0,None,day|haze,100
1757679217.0394404,0,None,day|haze,85
1757679217.1636639,0,None,day|haze,88
1757679217.2687612,0,None,day|haze,92
1757679217.3667274,0,None,day|haze,89
1757679217.47515,0,None,day|haze,43
1757679217.5738251,0,None,day|haze,67
1757679217.656216,0,None,day|haze,88
1757679217.7728038,0,None,day|haze,109
1757679217.8716173,0,None,day|haze,51
1757679217.938765,0,None,day|haze,72
1757679218.013102,0,None,day|haze,75
1757679218.094215,0,None,day|haze,101
1757679218.190089,0,None,day|haze,90
1757679218.3103318,0,None,day|haze,63
1757679218.4066088,0,None,day|haze,94
1757679218.522854,0,None,day|haze,83
1757679218.6222873,0,None,day|haze,55
1757679218.7094157,0,None,day|haze,105
1757679218.8297343,0,None,day|haze,52
1757679218.927088,0,None,day|haze,74
1757679219.054187,0,None,day|haze,70
1757679219.186656,0,None,day|haze,105
1757679219.2857406,0,None,day|haze,86
1757679219.4254448,0,None,day|haze,96
1757679219.5224438,1,No Gait,day|haze,83
1757679219.6336184,1,No Gait,day|haze,82
1757679219.7466938,1,No Gait,day|haze,65
1757679219.8533394,1,No Gait,day|haze,73
1757679219.982206,1,No Gait,day|haze,71
1757679220.1095693,2,No Gait|No Gait,day|haze,52
1757679220.2365701,1,No Gait,day|haze,103
1757679220.3566542,1,No Gait,day|haze,59
1757679220.461191,1,No Gait,day|haze,106
1757679220.562195,1,No Gait,day|haze,77
1757679220.6529403,1,No Gait,day|haze,90
1757679220.7655165,1,No Gait,day|haze,89
1757679220.877274,1,No Gait,day|haze,58
1757679220.975413,1,No Gait,day|haze,110
1757679221.0698438,1,No Gait,day|haze,43
1757679221.1821887,1,No Gait,day|haze,87
1757679221.2788877,1,No Gait,day|haze,97
1757679221.3757806,1,No Gait,day|haze,107
1757679221.4748795,1,No Gait,day|haze,46
1757679221.6675446,1,No Gait,day|haze,94
1757679221.8307686,1,No Gait,day|haze,66
1757679221.9571548,1,No Gait,day|haze,61
1757679222.0583699,1,No Gait,day|haze,65
1757679222.1749122,1,No Gait,day|haze,41
1757679222.2721643,0,None,day|haze,78
1757679222.3702736,0,None,day|haze,104
1757679222.462607,0,None,day|haze,43
1757679222.589085,0,None,day|haze,51
1757679222.684033,0,None,day|haze,103
1757679222.796978,1,No Gait,day|haze,102
1757679222.894847,1,No Gait,day|haze,50
1757679223.0101836,1,No Gait,day|haze,85
1757679223.1018226,0,None,day|haze,44
1757679223.199339,0,None,day|haze,76
1757679223.3123655,0,None,day|haze,72
1757679223.438109,1,No Gait,day|haze,85
1757679223.5504065,1,No Gait,day|haze,90
1757679223.649847,1,No Gait,day|haze,68
1757679223.7401607,1,No Gait,day|haze,89
1757679223.836408,0,None,day|haze,75
1757679223.9357588,0,None,day|haze,83
1757679224.0299175,0,None,day|haze,81
1757679224.1562488,1,No Gait,day|haze,99
1757679224.2546444,1,No Gait,day|haze,71
1757679224.3642821,1,No Gait,day|haze,47
1757679224.4679594,1,No Gait,day|haze,65
1757679224.5558367,1,No Gait,day|haze,110
1757679224.654215,1,No Gait,day|haze,55
1757679224.7654152,1,No Gait,day|haze,80
1757679224.8799345,1,No Gait,day|haze,73
1757679224.973211,1,No Gait,day|haze,44
1757679225.0662537,1,No Gait,day|haze,109
1757679225.1660857,1,No Gait,day|haze,78
1757679225.2800574,1,No Gait,day|haze,85
1757679225.37298,1,No Gait,day|haze,44
1757679225.4683647,1,No Gait,day|haze,105
1757679225.5644236,1,No Gait,day|haze,44
1757679225.677054,1,No Gait,day|haze,69
1757679225.7761288,1,No Gait,day|haze,62
1757679225.86998,1,No Gait,day|haze,79
1757679225.966571,1,No Gait,day|haze,100
1757679226.0760713,1,No Gait,day|haze,57
1757679226.1782794,1,No Gait,day|haze,58
1757679226.289853,1,No Gait,day|haze,78
1757679226.3664298,1,No Gait,day|haze,75
1757679226.4929512,1,No Gait,day|haze,54
1757679226.5887418,1,No Gait,day|haze,59
1757679226.7470553,1,No Gait,day|haze,89
1757679226.8510323,1,No Gait,day|haze,50
1757679226.948735,1,No Gait,day|haze,74
1757679227.0359416,1,No Gait,day|haze,54
1757679227.1470404,1,No Gait,day|haze,96
1757679227.2279377,1,No Gait,day|haze,91
1757679227.3461895,1,No Gait,day|haze,52
1757679227.4415917,1,No Gait,day|haze,93
1757679227.5353122,0,None,day|haze,101
1757679227.6648128,1,No Gait,day|haze,66
1757679227.7627168,1,No Gait,day|haze,56
1757679227.8559372,1,No Gait,day|haze,79
1757679227.956629,1,No Gait,day|haze,94
1757679228.053956,1,No Gait,day|haze,46
1757679228.155942,1,No Gait,day|haze,100
1757679228.2669733,1,No Gait,day|haze,86
1757679228.3501527,1,No Gait,day|haze,42
1757679228.4703312,1,No Gait,day|haze,95
1757679228.586942,1,No Gait,day|haze,91
1757679228.6863134,1,No Gait,day|haze,47
1757679228.7821038,1,No Gait,day|haze,42
1757679228.883765,1,No Gait,day|haze,48
1757679228.9821644,1,No Gait,day|haze,86
1757679229.084964,1,No Gait,day|haze,90
1757679229.1921146,1,No Gait,day|haze,86
1757679229.2768269,1,No Gait,day|haze,78
1757679229.3950243,1,No Gait,day|haze,54
1757679229.489752,1,No Gait,day|haze,68
1757679229.5881083,1,No Gait,day|haze,94
1757679229.6843815,1,No Gait,day|haze,85
1757679229.7949896,0,None,day|haze,81
1757679229.8848314,0,None,day|haze,105
1757679229.980006,0,None,day|haze,108
1757679230.0941415,1,No Gait,day|haze,48
1757679230.2058966,1,No Gait,day|haze,90
1757679230.3068392,1,No Gait,day|haze,110
1757679230.404355,1,No Gait,day|haze,49
1757679230.5362563,1,No Gait,day|haze,53
1757679230.6366405,1,No Gait,day|haze,67
1757679230.7372088,1,No Gait,day|haze,77
1757679230.8422155,1,No Gait,day|haze,87
1757679230.9241755,1,No Gait,day|haze,99
1757679231.0386043,1,No Gait,day|haze,76
1757679231.1366315,1,No Gait,day|haze,79
1757679231.232508,0,None,day|haze,81
1757679231.3248785,0,None,day|haze,68
1757679231.4824224,0,None,day|haze,109
1757679231.588717,0,None,day|haze,77
1757679231.728569,1,No Gait,day|haze,40
1757679231.8223846,0,None,day|haze,41
1757679231.933807,0,None,day|haze,53
1757679232.0465395,0,None,day|haze,69
1757679232.1419008,0,None,day|haze,87
1757679232.2420068,0,None,day|haze,53
1757679232.3343391,0,None,day|haze,83
1757679232.4760046,1,No Gait,day|haze,97
1757679232.5992112,1,No Gait,day|haze,81
1757679232.7004323,1,No Gait,day|haze,88
1757679232.8195539,1,No Gait,day|haze,65
1757679232.9335334,0,None,day|haze,66
1757679233.024339,0,None,day|haze,53
1757679233.1337287,0,None,day|haze,65
1757679233.253974,0,None,day|haze,95
1757679233.3899436,0,None,day|haze,95
1757679233.5165436,0,None,day|haze,107
1757679233.638193,0,None,day|haze,87
1757679233.7681825,0,None,day|haze,101
1757679233.9156835,0,None,day|haze,46
1757679234.0253046,0,None,day|haze,41
1757679234.1334546,0,None,day|haze,46
1757679234.3000257,0,None,day|haze,78
1757679234.4314501,0,None,day|haze,73
1757679234.5406804,0,None,day|haze,109
1757679234.6856852,0,None,day|haze,63
1757679234.817584,0,None,day|haze,93
1757679234.909929,0,None,day|haze,41
1757679235.0370877,0,None,day|haze,106
1757679235.165696,0,None,day|haze,105
1757679235.2797759,0,None,day|haze,89
1757679235.406058,0,None,day|haze,95
1757679235.5631309,0,None,day|haze,94
1757679235.670349,0,None,day|haze,73
1757679235.8041906,0,None,day|haze,63
1757679236.0110872,0,None,day|haze,110
1757679236.1251597,0,None,day|haze,95
1757679236.2290425,0,None,day|haze,78
1757679236.3339586,0,None,day|haze,76
1757679236.4307146,0,None,day|haze,51
1757679236.5420678,0,None,day|haze,75
1757679236.6867774,0,None,day|haze,92
1757679236.797837,0,None,day|haze,50
1757679236.9085832,0,None,day|haze,51
1757679237.005476,0,None,day|haze,55
1757679237.1054554,0,None,day|haze,94
1757679237.221793,0,None,day|haze,100
1757679237.3407786,0,None,day|haze,71
1757679237.4378047,0,None,day|haze,84
1757679237.5612981,0,None,day|haze,56
1757679237.6816835,0,None,day|haze,88
1757679237.7899923,0,None,day|haze,93
1757679237.8867998,0,None,day|haze,44
1757679237.9882305,0,None,day|haze,77
1757679238.0939143,0,None,day|haze,93
1757679238.2009885,0,None,day|haze,88
1757679238.3040981,0,None,day|haze,43
1757679238.4381924,0,None,day|haze,89
1757679238.5398686,0,None,day|haze,45
1757679238.6512105,0,None,day|haze,73
1757679238.7539492,0,None,day|haze,68
1757679238.8466682,0,None,day|haze,43
1757679238.9577188,0,None,day|haze,75
1757679239.070645,0,None,day|haze,64
1757679239.1877787,0,None,day|haze,43
1757679239.3172705,0,None,day|haze,48
1757679239.4222744,0,None,day|haze,85
1757679239.533792,0,None,day|haze,51
1757679239.6443295,0,None,day|haze,85
1757679239.74534,0,None,day|haze,79
1757679239.8410933,0,None,day|haze,100
1757679239.934199,0,None,day|haze,105
1757679240.0469716,0,None,day|haze,93
1757679240.1550906,0,None,day|haze,50
1757679240.285429,0,None,day|haze,100
1757679240.3822086,0,None,day|haze,58
1757679240.5351636,0,None,day|haze,68
1757679240.6330094,0,None,day|haze,88
